window_start,window_minutes,bot,side,opened_at,hold_seconds,exit,won,outcome,would_have_won
2026-08-29T04:05:00+00:00,5,R1,DOWN,2026-08-29T04:05:57.218434+00:00,,not-closed,,DOWN,1
2026-08-29T04:05:00+00:00,5,R3,DOWN,2026-08-29T04:05:57.218434+00:00,,not-closed,,DOWN,1
2026-08-29T04:05:00+00:00,5,R1,DOWN,2026-08-29T04:06:35.405622+00:00,,not-closed,,DOWN,1
2026-08-29T04:05:00+00:00,5,R1,UP,2026-08-29T04:07:27.482938+00:00,,not-closed,,DOWN,0
2026-08-29T04:05:00+00:00,5,R1,DOWN,2026-08-29T04:08:05.654169+00:00,,not-closed,,DOWN,1
2026-08-29T04:00:00+00:00,15,R1,UP,2026-08-29T04:08:43.925266+00:00,,not-closed,,UP,1
2026-08-29T04:00:00+00:00,15,R1,UP,2026-08-29T04:09:22.463594+00:00,,not-closed,,UP,1
2026-08-29T04:10:00+00:00,5,R1,DOWN,2026-08-29T04:10:34.063690+00:00,21,stop,0,UP,0
2026-08-29T04:15:00+00:00,5,R1,UP,2026-08-29T04:15:34.412375+00:00,14,target,1,UP,1
2026-08-29T04:15:00+00:00,5,R3,UP,2026-08-29T04:17:17.058202+00:00,7,target,1,UP,1
2026-08-29T04:15:00+00:00,15,R3,DOWN,2026-08-29T04:17:23.887120+00:00,48,stop,0,UP,0
2026-08-29T04:15:00+00:00,5,R3,DOWN,2026-08-29T04:17:30.707482+00:00,41,stop,0,UP,0
2026-08-29T04:20:00+00:00,5,R1,DOWN,2026-08-29T04:20:35.293851+00:00,7,stop,0,UP,0
2026-08-29T04:15:00+00:00,15,R1,UP,2026-08-29T04:21:50.278529+00:00,20,target,1,UP,1
2026-08-29T04:25:00+00:00,5,R1,UP,2026-08-29T04:26:03.187602+00:00,7,target,1,DOWN,0
2026-08-29T04:25:00+00:00,5,R3,UP,2026-08-29T04:26:03.187602+00:00,7,target,1,DOWN,0
2026-08-29T04:25:00+00:00,5,R3,DOWN,2026-08-29T04:26:30.503572+00:00,55,stop,0,DOWN,1
2026-08-29T04:30:00+00:00,5,R1,DOWN,2026-08-29T04:30:36.789189+00:00,7,stop,0,DOWN,1
2026-08-29T04:30:00+00:00,15,R1,UP,2026-08-29T04:31:45.331574+00:00,89,stop,0,UP,1
2026-08-29T04:30:00+00:00,15,R3,UP,2026-08-29T04:35:10.648090+00:00,20,target,1,UP,1
2026-08-29T04:35:00+00:00,5,R1,DOWN,2026-08-29T04:35:31.117108+00:00,14,stop,0,UP,0
2026-08-29T04:30:00+00:00,15,R3,UP,2026-08-29T04:37:20.462646+00:00,7,target,1,UP,1
2026-08-29T04:40:00+00:00,5,R1,DOWN,2026-08-29T04:40:31.710478+00:00,48,stop,0,DOWN,1
2026-08-29T04:45:00+00:00,5,R1,DOWN,2026-08-29T04:45:32.917211+00:00,95,target,1,UP,0
2026-08-29T04:45:00+00:00,5,R3,UP,2026-08-29T04:47:08.365569+00:00,14,stop,0,UP,1
2026-08-29T04:45:00+00:00,15,R1,DOWN,2026-08-29T04:48:09.819977+00:00,75,stop,0,UP,0
2026-08-29T04:45:00+00:00,15,R3,DOWN,2026-08-29T04:50:33.180167+00:00,68,stop,0,UP,0
2026-08-29T04:50:00+00:00,5,R1,DOWN,2026-08-29T04:51:48.544919+00:00,14,stop,0,UP,0
2026-08-29T04:45:00+00:00,15,R3,DOWN,2026-08-29T04:53:31.092389+00:00,20,stop,0,UP,0
2026-08-29T04:55:00+00:00,5,R1,DOWN,2026-08-29T04:55:34.045724+00:00,34,target,1,DOWN,1
2026-08-29T05:00:00+00:00,15,R1,DOWN,2026-08-29T05:01:30.606434+00:00,20,stop,0,UP,0
2026-08-29T05:00:00+00:00,5,R1,UP,2026-08-29T05:01:51.046477+00:00,7,stop,0,UP,1
2026-08-29T05:05:00+00:00,5,R1,UP,2026-08-29T05:06:03.780158+00:00,7,stop,0,UP,1
2026-08-29T05:05:00+00:00,5,R3,DOWN,2026-08-29T05:06:51.559914+00:00,14,target,1,UP,0
2026-08-29T05:00:00+00:00,15,R3,DOWN,2026-08-29T05:06:51.559914+00:00,14,target,1,UP,0
2026-08-29T05:00:00+00:00,15,R3,DOWN,2026-08-29T05:07:52.991077+00:00,14,stop,0,UP,0
2026-08-29T05:10:00+00:00,5,R1,DOWN,2026-08-29T05:11:17.934195+00:00,7,target,1,UP,0
2026-08-29T05:10:00+00:00,5,R3,UP,2026-08-29T05:11:24.759114+00:00,20,target,1,UP,1
2026-08-29T05:15:00+00:00,5,R1,UP,2026-08-29T05:15:31.362973+00:00,7,target,1,DOWN,0
2026-08-29T05:15:00+00:00,5,R3,UP,2026-08-29T05:15:51.795347+00:00,7,target,1,DOWN,0
2026-08-29T05:15:00+00:00,5,R3,UP,2026-08-29T05:16:05.467383+00:00,7,stop,0,DOWN,0
2026-08-29T05:15:00+00:00,15,R1,UP,2026-08-29T05:16:32.867567+00:00,7,target,1,DOWN,0
2026-08-29T05:15:00+00:00,15,R3,UP,2026-08-29T05:20:18.735828+00:00,62,stop,0,DOWN,0
2026-08-29T05:20:00+00:00,5,R1,UP,2026-08-29T05:20:32.383273+00:00,62,stop,0,DOWN,0
2026-08-29T05:25:00+00:00,5,R1,DOWN,2026-08-29T05:25:33.750823+00:00,41,stop,0,DOWN,1
2026-08-29T05:25:00+00:00,5,R3,DOWN,2026-08-29T05:26:14.681000+00:00,27,stop,0,DOWN,1
2026-08-29T05:25:00+00:00,5,R3,DOWN,2026-08-29T05:26:55.628669+00:00,14,target,1,DOWN,1
2026-08-29T05:30:00+00:00,5,R1,DOWN,2026-08-29T05:30:33.928967+00:00,14,stop,0,DOWN,1
2026-08-29T05:30:00+00:00,5,R3,UP,2026-08-29T05:30:54.550500+00:00,48,target,1,DOWN,0
2026-08-29T05:30:00+00:00,5,R3,DOWN,2026-08-29T05:31:49.259588+00:00,7,target,1,DOWN,1
2026-08-29T05:30:00+00:00,15,R1,UP,2026-08-29T05:33:04.463708+00:00,41,target,1,UP,1
2026-08-29T05:30:00+00:00,15,R3,DOWN,2026-08-29T05:33:59.000863+00:00,14,target,1,UP,0
2026-08-29T05:30:00+00:00,15,R3,DOWN,2026-08-29T05:34:19.502570+00:00,14,target,1,UP,0
2026-08-29T05:35:00+00:00,5,R1,UP,2026-08-29T05:35:35.971066+00:00,7,target,1,UP,1
2026-08-29T05:40:00+00:00,5,R1,DOWN,2026-08-29T05:40:30.625467+00:00,7,target,1,DOWN,1
2026-08-29T05:45:00+00:00,5,R3,UP,2026-08-29T05:45:58.877739+00:00,14,target,1,DOWN,0
2026-08-29T05:45:00+00:00,5,R1,DOWN,2026-08-29T05:46:19.381690+00:00,55,stop,0,DOWN,1
2026-08-29T05:45:00+00:00,5,R3,DOWN,2026-08-29T05:46:19.381690+00:00,55,stop,0,DOWN,1
2026-08-29T05:45:00+00:00,15,R1,DOWN,2026-08-29T05:47:20.880085+00:00,7,stop,0,DOWN,1
2026-08-29T05:45:00+00:00,15,R3,UP,2026-08-29T05:48:22.401246+00:00,7,stop,0,DOWN,0
2026-08-29T05:50:00+00:00,5,R1,UP,2026-08-29T05:50:59.524295+00:00,7,stop,0,DOWN,0
2026-08-29T05:55:00+00:00,5,R1,UP,2026-08-29T05:55:32.795354+00:00,14,stop,0,UP,1
2026-08-29T05:55:00+00:00,5,R3,UP,2026-08-29T05:56:13.750623+00:00,7,stop,0,UP,1
2026-08-29T06:00:00+00:00,5,R1,UP,2026-08-29T06:00:31.142798+00:00,7,target,1,DOWN,0
2026-08-29T06:00:00+00:00,5,R3,UP,2026-08-29T06:00:51.833962+00:00,28,stop,0,DOWN,0
2026-08-29T06:00:00+00:00,15,R1,UP,2026-08-29T06:01:46.896280+00:00,7,stop,0,DOWN,0
2026-08-29T06:05:00+00:00,5,R1,UP,2026-08-29T06:05:32.683698+00:00,61,target,1,DOWN,0
2026-08-29T06:05:00+00:00,5,R3,UP,2026-08-29T06:06:06.806668+00:00,27,target,1,DOWN,0
2026-08-29T06:10:00+00:00,5,R1,DOWN,2026-08-29T06:10:33.387709+00:00,55,target,1,DOWN,1
2026-08-29T06:15:00+00:00,5,R1,UP,2026-08-29T06:15:55.057379+00:00,7,target,1,DOWN,0
2026-08-29T06:15:00+00:00,15,R1,UP,2026-08-29T06:16:43.000593+00:00,62,target,1,DOWN,0
2026-08-29T06:20:00+00:00,5,R1,UP,2026-08-29T06:20:30.044956+00:00,27,stop,0,DOWN,0
2026-08-29T06:25:00+00:00,5,R1,DOWN,2026-08-29T06:25:43.012561+00:00,14,stop,0,DOWN,1
2026-08-29T06:30:00+00:00,5,R1,DOWN,2026-08-29T06:30:30.862246+00:00,34,stop,0,UP,0
2026-08-29T06:30:00+00:00,15,R1,DOWN,2026-08-29T06:31:32.325067+00:00,20,stop,0,UP,0
2026-08-29T06:30:00+00:00,15,R3,DOWN,2026-08-29T06:34:50.355166+00:00,41,target,1,UP,0
2026-08-29T06:35:00+00:00,5,R1,DOWN,2026-08-29T06:35:31.438182+00:00,7,stop,0,DOWN,1
2026-08-29T06:35:00+00:00,5,R3,UP,2026-08-29T06:37:00.477594+00:00,14,target,1,DOWN,0
2026-08-29T06:30:00+00:00,15,R3,DOWN,2026-08-29T06:37:41.454084+00:00,75,target,1,UP,0
2026-08-29T06:40:00+00:00,5,R1,UP,2026-08-29T06:40:32.311663+00:00,7,target,1,UP,1
2026-08-29T06:45:00+00:00,5,R1,UP,2026-08-29T06:45:33.060561+00:00,27,target,1,UP,1
2026-08-29T06:45:00+00:00,15,R1,UP,2026-08-29T06:47:15.482640+00:00,41,target,1,UP,1
2026-08-29T06:45:00+00:00,15,R3,DOWN,2026-08-29T06:48:30.605502+00:00,41,target,1,UP,0
2026-08-29T06:50:00+00:00,5,R1,DOWN,2026-08-29T06:50:40.214398+00:00,48,stop,0,DOWN,1
2026-08-29T06:45:00+00:00,15,R3,DOWN,2026-08-29T06:50:47.151720+00:00,34,stop,0,UP,0
2026-08-29T06:50:00+00:00,5,R3,DOWN,2026-08-29T06:50:53.968735+00:00,48,stop,0,DOWN,1
2026-08-29T06:50:00+00:00,5,R3,UP,2026-08-29T06:52:49.964948+00:00,7,target,1,DOWN,0
2026-08-29T06:55:00+00:00,5,R1,UP,2026-08-29T06:55:47.735583+00:00,14,target,1,UP,1
2026-08-29T07:00:00+00:00,5,R1,DOWN,2026-08-29T07:00:34.626137+00:00,7,target,1,UP,0
2026-08-29T07:00:00+00:00,15,R1,DOWN,2026-08-29T07:01:36.183525+00:00,34,stop,0,DOWN,1
2026-08-29T07:00:00+00:00,15,R3,DOWN,2026-08-29T07:05:01.784159+00:00,62,stop,0,DOWN,1
2026-08-29T07:05:00+00:00,5,R1,DOWN,2026-08-29T07:05:36.017599+00:00,14,target,1,DOWN,1
2026-08-29T07:10:00+00:00,5,R1,UP,2026-08-29T07:10:57.781014+00:00,20,target,1,UP,1
2026-08-29T07:10:00+00:00,5,R3,DOWN,2026-08-29T07:11:18.266920+00:00,7,stop,0,UP,0
2026-08-29T07:15:00+00:00,5,R1,UP,2026-08-29T07:15:31.722644+00:00,41,target,1,UP,1
2026-08-29T07:15:00+00:00,15,R1,DOWN,2026-08-29T07:17:00.543946+00:00,14,stop,0,UP,0
2026-08-29T07:15:00+00:00,15,R3,DOWN,2026-08-29T07:18:09.047445+00:00,7,stop,0,UP,0
2026-08-29T07:20:00+00:00,5,R1,UP,2026-08-29T07:21:20.512828+00:00,55,target,1,DOWN,0
2026-08-29T07:20:00+00:00,5,R3,UP,2026-08-29T07:21:27.318567+00:00,48,target,1,DOWN,0
2026-08-29T07:20:00+00:00,5,R3,UP,2026-08-29T07:23:30.146477+00:00,14,stop,0,DOWN,0
2026-08-29T07:25:00+00:00,5,R1,DOWN,2026-08-29T07:25:39.841727+00:00,7,stop,0,UP,0
2026-08-29T07:30:00+00:00,5,R1,DOWN,2026-08-29T07:30:33.468697+00:00,76,stop,0,UP,0
2026-08-29T07:30:00+00:00,15,R1,DOWN,2026-08-29T07:31:48.989674+00:00,7,stop,0,UP,0
2026-08-29T07:35:00+00:00,5,R1,UP,2026-08-29T07:35:36.737742+00:00,21,target,1,UP,1
2026-08-29T07:30:00+00:00,15,R3,DOWN,2026-08-29T07:35:50.429701+00:00,7,stop,0,UP,0
2026-08-29T07:30:00+00:00,15,R3,DOWN,2026-08-29T07:36:17.919922+00:00,7,stop,0,UP,0
2026-08-29T07:40:00+00:00,5,R1,DOWN,2026-08-29T07:40:32.443468+00:00,7,stop,0,UP,0
2026-08-29T07:45:00+00:00,5,R1,DOWN,2026-08-29T07:45:42.390288+00:00,76,stop,0,DOWN,1
2026-08-29T07:45:00+00:00,5,R3,DOWN,2026-08-29T07:46:23.679558+00:00,28,stop,0,DOWN,1
2026-08-29T07:45:00+00:00,15,R1,DOWN,2026-08-29T07:46:30.563008+00:00,35,stop,0,DOWN,1
2026-08-29T07:45:00+00:00,15,R3,DOWN,2026-08-29T07:46:51.482155+00:00,14,stop,0,DOWN,1
2026-08-29T07:45:00+00:00,5,R3,DOWN,2026-08-29T07:46:58.329170+00:00,7,stop,0,DOWN,1
2026-08-29T07:50:00+00:00,5,R1,UP,2026-08-29T07:52:27.852685+00:00,14,stop,0,UP,1
2026-08-29T07:50:00+00:00,5,R3,UP,2026-08-29T07:52:27.852685+00:00,14,stop,0,UP,1
2026-08-29T07:50:00+00:00,5,R3,UP,2026-08-29T07:52:48.391101+00:00,27,target,1,UP,1
2026-08-29T07:55:00+00:00,5,R1,DOWN,2026-08-29T07:55:33.153787+00:00,34,stop,0,DOWN,1
2026-08-29T07:45:00+00:00,15,R3,DOWN,2026-08-29T07:56:48.512733+00:00,75,stop,0,DOWN,1
2026-08-29T08:00:00+00:00,5,R1,UP,2026-08-29T08:00:35.039687+00:00,7,stop,0,DOWN,0
2026-08-29T08:00:00+00:00,15,R1,UP,2026-08-29T08:01:30.233056+00:00,34,stop,0,DOWN,0
2026-08-29T08:00:00+00:00,15,R3,UP,2026-08-29T08:02:04.349213+00:00,7,stop,0,DOWN,0
2026-08-29T08:05:00+00:00,5,R1,UP,2026-08-29T08:05:36.441419+00:00,7,target,1,UP,1
2026-08-29T08:10:00+00:00,5,R1,DOWN,2026-08-29T08:10:30.890862+00:00,48,stop,0,UP,0
2026-08-29T08:15:00+00:00,5,R1,DOWN,2026-08-29T08:15:31.568591+00:00,41,stop,0,,
